{"Loss": 0.08329852856695652, "_runtime": 114, "_timestamp": 1632668926, "_step": 399, "Val Loss": 0.13185371458530426, "Acc": 54.2, "Val Acc": 42.6, "_wandb": {"runtime": 111}}